email,password,count
testuser@user.com,user,1
testuser2@user.com,user,2
testuser3@user.com,user,3
testuser4@user.com,user,4
testuser5@user.com,user,5
testuser6@user.com,user,6
testuser7@user.com,user,7
testuser8@user.com,user,8
testuser9@user.com,user,9
testuser10@user.com,user,10
testuser11@user.com,user,11
testuser12@user.com,user,12
testuser13@user.com,user,13
testuser14@user.com,user,14
testuser15@user.com,user,15
testuser16@user.com,user,16
testuser17@user.com,user,17
testuser18@user.com,user,18
testuser19@user.com,user,19
testuser20@user.com,user,20
